{"assets/background.jpg":["assets/background.jpg"],"assets/bg.png":["assets/bg.png"],"assets/check.png":["assets/check.png"],"assets/error.png":["assets/error.png"],"assets/home.png":["assets/home.png"],"assets/image1.png":["assets/image1.png"],"assets/image2.png":["assets/image2.png"],"assets/image3.png":["assets/image3.png"],"assets/image4.png":["assets/image4.png"],"assets/warning.png":["assets/warning.png"],"assets/windows_icon.png":["assets/windows_icon.png"],"assets/zoom.png":["assets/zoom.png"],"packages/awesome_dialog/assets/flare/error.flr":["packages/awesome_dialog/assets/flare/error.flr"],"packages/awesome_dialog/assets/flare/info.flr":["packages/awesome_dialog/assets/flare/info.flr"],"packages/awesome_dialog/assets/flare/info2.flr":["packages/awesome_dialog/assets/flare/info2.flr"],"packages/awesome_dialog/assets/flare/info_without_loop.flr":["packages/awesome_dialog/assets/flare/info_without_loop.flr"],"packages/awesome_dialog/assets/flare/question.flr":["packages/awesome_dialog/assets/flare/question.flr"],"packages/awesome_dialog/assets/flare/succes.flr":["packages/awesome_dialog/assets/flare/succes.flr"],"packages/awesome_dialog/assets/flare/succes_without_loop.flr":["packages/awesome_dialog/assets/flare/succes_without_loop.flr"],"packages/awesome_dialog/assets/flare/warning.flr":["packages/awesome_dialog/assets/flare/warning.flr"],"packages/awesome_dialog/assets/flare/warning_without_loop.flr":["packages/awesome_dialog/assets/flare/warning_without_loop.flr"],"packages/awesome_dialog/assets/rive/error.riv":["packages/awesome_dialog/assets/rive/error.riv"],"packages/awesome_dialog/assets/rive/info.riv":["packages/awesome_dialog/assets/rive/info.riv"],"packages/awesome_dialog/assets/rive/info_reverse.riv":["packages/awesome_dialog/assets/rive/info_reverse.riv"],"packages/awesome_dialog/assets/rive/question.riv":["packages/awesome_dialog/assets/rive/question.riv"],"packages/awesome_dialog/assets/rive/success.riv":["packages/awesome_dialog/assets/rive/success.riv"],"packages/awesome_dialog/assets/rive/warning.riv":["packages/awesome_dialog/assets/rive/warning.riv"],"packages/cupertino_icons/assets/CupertinoIcons.ttf":["packages/cupertino_icons/assets/CupertinoIcons.ttf"],"packages/forui/assets/fonts/inter/Inter-Black.ttf":["packages/forui/assets/fonts/inter/Inter-Black.ttf"],"packages/forui/assets/fonts/inter/Inter-Bold.ttf":["packages/forui/assets/fonts/inter/Inter-Bold.ttf"],"packages/forui/assets/fonts/inter/Inter-ExtraBold.ttf":["packages/forui/assets/fonts/inter/Inter-ExtraBold.ttf"],"packages/forui/assets/fonts/inter/Inter-ExtraLight.ttf":["packages/forui/assets/fonts/inter/Inter-ExtraLight.ttf"],"packages/forui/assets/fonts/inter/Inter-Light.ttf":["packages/forui/assets/fonts/inter/Inter-Light.ttf"],"packages/forui/assets/fonts/inter/Inter-Medium.ttf":["packages/forui/assets/fonts/inter/Inter-Medium.ttf"],"packages/forui/assets/fonts/inter/Inter-Regular.ttf":["packages/forui/assets/fonts/inter/Inter-Regular.ttf"],"packages/forui/assets/fonts/inter/Inter-SemiBold.ttf":["packages/forui/assets/fonts/inter/Inter-SemiBold.ttf"],"packages/forui/assets/fonts/inter/Inter-Thin.ttf":["packages/forui/assets/fonts/inter/Inter-Thin.ttf"],"packages/forui_assets/assets/lucide.ttf":["packages/forui_assets/assets/lucide.ttf"]}