[{"family":"MaterialIcons","fonts":[{"asset":"fonts/MaterialIcons-Regular.otf"}]},{"family":"packages/cupertino_icons/CupertinoIcons","fonts":[{"asset":"packages/cupertino_icons/assets/CupertinoIcons.ttf"}]},{"family":"packages/forui/Inter","fonts":[{"weight":100,"asset":"packages/forui/assets/fonts/inter/Inter-Thin.ttf"},{"weight":200,"asset":"packages/forui/assets/fonts/inter/Inter-ExtraLight.ttf"},{"weight":300,"asset":"packages/forui/assets/fonts/inter/Inter-Light.ttf"},{"weight":400,"asset":"packages/forui/assets/fonts/inter/Inter-Regular.ttf"},{"weight":500,"asset":"packages/forui/assets/fonts/inter/Inter-Medium.ttf"},{"weight":600,"asset":"packages/forui/assets/fonts/inter/Inter-SemiBold.ttf"},{"weight":700,"asset":"packages/forui/assets/fonts/inter/Inter-Bold.ttf"},{"weight":800,"asset":"packages/forui/assets/fonts/inter/Inter-ExtraBold.ttf"},{"weight":900,"asset":"packages/forui/assets/fonts/inter/Inter-Black.ttf"}]},{"family":"packages/forui_assets/ForuiLucideIcons","fonts":[{"asset":"packages/forui_assets/assets/lucide.ttf"}]}]